id,difficulty
obs-d-1-qa-f1,normal
obs-d-1-qa-f10,normal
obs-d-1-qa-f11,normal
obs-d-1-qa-f12,normal
obs-d-1-qa-f2,normal
obs-d-1-qa-f3,normal
obs-d-1-qa-f4,fast
obs-d-1-qa-f5,normal
obs-d-1-qa-f6,fast
obs-d-1-qa-f7,normal
obs-d-1-qa-f8,fast
obs-d-1-qa-f9,normal
obs-d-12-qa-f10,fast
obs-d-12-qa-f11,fast
obs-d-12-qa-f12,fast
obs-d-12-qa-f14,normal
obs-d-12-qa-f15,normal
obs-d-12-qa-f16,fast
obs-d-12-qa-f17,normal
obs-d-12-qa-f18,fast
obs-d-12-qa-f19,normal
obs-d-12-qa-f20,normal
obs-d-12-qa-f21,fast
obs-d-12-qa-f22,fast
obs-d-12-qa-f3,hard
obs-d-12-qa-f4,normal
obs-d-12-qa-f5,normal
obs-d-12-qa-f6,hard
obs-d-12-qa-f7,normal
obs-d-12-qa-f8,fast
obs-d-12-qa-f9,fast
obs-d-13-qa-f10,normal
obs-d-13-qa-f11,normal
obs-d-13-qa-f12,normal
obs-d-13-qa-f13,normal
obs-d-13-qa-f14,fast
obs-d-13-qa-f5,normal
obs-d-13-qa-f6,normal
obs-d-13-qa-f7,normal
obs-d-13-qa-f8,normal
obs-d-13-qa-f9,normal
obs-d-15-qa-f1,normal
obs-d-15-qa-f10,normal
obs-d-15-qa-f11,normal
obs-d-15-qa-f12,fast
obs-d-15-qa-f2,normal
obs-d-15-qa-f3,normal
obs-d-15-qa-f4,hard
obs-d-15-qa-f5,normal
obs-d-15-qa-f6,normal
obs-d-15-qa-f7,normal
obs-d-15-qa-f8,normal
obs-d-15-qa-f9,normal
obs-d-19-qa-f10,normal
obs-d-19-qa-f11,hard
obs-d-19-qa-f12,fast
obs-d-19-qa-f13,normal
obs-d-19-qa-f14,normal
obs-d-19-qa-f15,normal
obs-d-19-qa-f16,fast
obs-d-19-qa-f17,normal
obs-d-19-qa-f18,fast
obs-d-19-qa-f4,normal
obs-d-19-qa-f5,normal
obs-d-19-qa-f6,hard
obs-d-19-qa-f7,hard
obs-d-19-qa-f8,hard
obs-d-19-qa-f9,fast
obs-d-2-qa-f1,normal
obs-d-2-qa-f10,fast
obs-d-2-qa-f11,fast
obs-d-2-qa-f13,fast
obs-d-2-qa-f14,fast
obs-d-2-qa-f15,fast
obs-d-2-qa-f16,normal
obs-d-2-qa-f17,fast
obs-d-2-qa-f18,fast
obs-d-2-qa-f19,fast
obs-d-2-qa-f2,normal
obs-d-2-qa-f3,hard
obs-d-2-qa-f4,hard
obs-d-2-qa-f5,normal
obs-d-2-qa-f6,normal
obs-d-2-qa-f7,normal
obs-d-2-qa-f8,normal
obs-d-2-qa-f9,fast
obs-d-21-qa-f1,fast
obs-d-21-qa-f10,normal
obs-d-21-qa-f11,normal
obs-d-21-qa-f12,normal
obs-d-21-qa-f13,fast
obs-d-21-qa-f14,fast
obs-d-21-qa-f15,fast
obs-d-21-qa-f16,fast
obs-d-21-qa-f17,fast
obs-d-21-qa-f18,normal
obs-d-21-qa-f2,fast
obs-d-21-qa-f3,fast
obs-d-21-qa-f4,normal
obs-d-21-qa-f5,normal
obs-d-21-qa-f6,hard
obs-d-21-qa-f7,normal
obs-d-21-qa-f8,normal
obs-d-21-qa-f9,normal
obs-d-4-qa-f1,normal
obs-d-4-qa-f2,normal
obs-d-4-qa-f3,normal
obs-d-4-qa-f4,normal
obs-d-4-qa-f5,normal
obs-d-4-qa-f6,fast
obs-d-29,hard
obs-d-33,hard
obs-d-30,normal
obs-d-31,normal
obs-d-32,normal
